SKU,Product,Supplier,Supplier SKU,Supplier Product Name,Latest Price,Fixed Price
R01/W/1AB12/AV,Hex Nipple 15mm WM: AS 3688 COC2503,Austworld Commodities Pty Ltd,AW664NB,HEX NIPPLE BR 15MM,0.825,0.825
R02/N/1AB12/PT,Delivery Box Carton for AB12 404 x 325 x 895mm,Abbe Corrugated Pty. Ltd.,127432,AB12 Aqua Bubbler with extra crease & hand hole,3.849,3.66
R03/N/1AB12/PT,Delivery Box Packaging Carton Insert for AB12,Abbe Corrugated Pty. Ltd.,145776,149342 ABUAD Side Pod/Bod Bowl Insert 2017,1.479,1.17
R04/N/1AB12/ID,R04 Label Serial Number with WaterMark Cert WAT04 AUS,Acme Signs & Nameplates,Wat 04,Acme- AB WaterMark Label- WAT04 AUS + SN,8,8
R05/N/1AB12/ID,Back Flow Plate Watermark,Acme Signs & Nameplates,ABWMP,Anod name plates,6.5,6.5
R05/N/1AB12/ID,Back Flow Plate Watermark,Zhejiang Hua Li Label Co. Ltd,,,0.15,0.15
R06/N/1AB12/FX,Base Plate for AB12 12,Beta Metal Spinning Co. Pty. Ltd.,BP12,Base Plate - ABWB12,10.8,10.8
R07/N/1AB12/FX,Bottle Filler Plate 3mm Galvanised with Slot 13,Beta Metal Spinning Co. Pty. Ltd.,BFP13,13 - Bottle Filler Plate 3mm Gal With Slot,1.94,1.94
R08/N/1AB12/FL,Sump Mesh Assembly 2016,Beta Metal Spinning Co. Pty. Ltd.,SMA16,SUMP MESH ASSEMBLY 2016 - P/No.SMA16,10,10
R09/N/1AB12/FX,Sump Mesh Retaining Ring with 4 Holes 256p / sheet,AG Holding,AQA1009,Mesh Retaining Ring With 4 Holes,4.6,3.4
R09/N/1AB12/FX,Sump Mesh Retaining Ring with 4 Holes 256p / sheet,Beta Metal Spinning Co. Pty. Ltd.,SMRR17,SUMP MESH RETAINING RING - 4 HOLE,4,4
R10/N/1AB12/FL,Base Washer PVC Fountain Drawing No. 08/013,Bredo Mators Pty. Ltd.,Aug-13,Base Washer,2.8,2.8
R100/N/25PWPC/FL,Adaptor PVC MI 40mm,Tradelink Pty Ltd,10409,,6.15,3.2
R101/N/25PWPC/FL,Taper Level Invert Drain-Waste-Vent Polyvinyl Chloride 65MM x 40mm,Tradelink Pty Ltd,10657,,6.51,3.52
R102/N/25PWPC/FL,Tee Junction F&F Drain-Waste-Vent SNG Plain Polyvinyl Chloride 40mm x 88Deg WMKA1305,Tradelink Pty Ltd,10494,,7.23,4.71
R103/N/26PWPRS/FL,Cap & Linning Drain-Waste-Vent Polyvinyl Chloride-Loose Nut Connect 40mm 010228,Tradelink Pty Ltd,10228,,7.76,7.76
R104/N/26PWPRS/FL,Pipe Drain-Waste-Vent Polyvinyl Chloride Heavy Type N 50mm x 6 MTR,Tradelink Pty Ltd,Tradelink - Pipe DWV PVC 50mm x 6MTR,,22.41,13.67
R105/N/26PWPRS/FL,Pipe Drain-Waste-Vent Polyvinyl Chloride Heavy Type N 40mm x 6 MTR,Tradelink Pty Ltd,Tradelink - Pipe DWV PVC,,19.33,11.57
R106/W/FL,PLV Plastic 3/8 D 550 kpa,BWT Australia,VAZ550-38,PLV Plastic 3/8 D 550 kpa,19,12
R106/W/FL,PLV Plastic 3/8 D 550 kpa,The Water Shop Australia Pty Ltd,IT003965,PLV Plastic 3/8 D 550 kpa,12.86,12.86
R107/W/FL,Branch Stem Tee 1/4 ,Reliance Worldwide Corporation Pty. Ltd.,CI530808W,Branch Stem tee 1/4 ,1.83,1.64
R108/W/FL,Straight Connector Reducing 3/8 - 1/4 ,Reliance Worldwide Corporation Pty. Ltd.,PI201208S,,2.57,2.31
R109/W/FL,Stem Elbow 1/4 x 1/4 ,Reliance Worldwide Corporation Pty. Ltd.,CI220808W,,2.03,1.82
R11/N/1AB12/FX,Sump Mesh Spacer,Bredo Mators Pty. Ltd.,PN 15/22,Sump Mesh Spacer,1,0.85
R110/W/29PCA/AV,O-Ring Bulkhead 16mm x 2mm for 1/4 ,BSC Motion Technology,ORO16X2N70,O-Ring 16mm x 2mm for 1/4 Bulkhead,0.1366,0.24
R111/W/29PCA/FL,Pressure Relief Valve,Crystal Clear Purification Systems Pty Ltd,PRV110,,19.5,19.5
R111/W/29PCA/FL,Pressure Relief Valve,KRS Valves Pty. Ltd.,PRV110,,16.5,16.5
R112/W/29PCA/FL,Tee Connector Equal for Micro Chiller 1/4,John Guest Pacific Ltd - RWC,PI0208S,,2.6865,2.69
R112/W/29PCA/FL,Tee Connector Equal for Micro Chiller 1/4,Reliance Worldwide Corporation Pty. Ltd.,PI0208S,,2.99,2.6865
R113/W/29PCA/FL,Reducer 3/8 Stem - 1/4 Tube,Reliance Worldwide Corporation Pty. Ltd.,CI061208W,3/8 -1/4 Reducer White Body,1.83,1.65
R114/W/29PCA/FL,Bulkhead Connector 1/4 ,John Guest Pacific Ltd - RWC,PI1208S,Bulkhead Connector 1/4 ,2.68,2.68
R114/W/29PCA/FL,Bulkhead Connector 1/4 ,Reliance Worldwide Corporation Pty. Ltd.,PI1208S,Bulkhead Connector 1/4 ,2.99,2.68
R115/W/11AGT/FX,Adapter Brass 15mm WM: AS 3688,Austworld Commodities Pty Ltd,AW465,,0.95,0.95
R116/N/FL,Dog Bowl 001 + Bracket 003,Beta Metal Spinning Co. Pty. Ltd.,DB001,DOG BOWL & COMPONENT PARTS,158,158
R117/N/19PDGB/FX,Bracket Spacer Bar Stainless Steel for Dog Bowl,BERKELEY ENGINEERING GROUP PTY LTD,BE-AQB016S DB012,Dog Bowl Bracket Spacer Bar,9.7943,6.78
R117/N/19PDGB/FX,Bracket Spacer Bar Stainless Steel for Dog Bowl,Bredo Mators Pty. Ltd.,DB 012,Dog Bowl Bracket Spacer Bar,6.8,6.8
R118/N/19PDGB/FX,Nylock Nut M8 Stainless Steel (304) for Dog Bowl,Micro Fasteners Pty. Ltd.,X53 08304,M8 Nylon Insert Lock Nut Gr 304 S/S,0.1985,0.27
R119/N/19PDGB/FX,Cup Head Bolt Stainless Steel (316) for Dog Bowl M8 x 30,Micro Fasteners Pty. Ltd.,X10 08030316,M8 x 30mm Cup Head Bolt Only Gr 316 S/S,0.45,0.45
R12/N/1AB12/FL,Torx Security Screw 8g Dish and Mesh Button (304) Stainless Steel 8g x 1/2,Cost Less Bolts,ST812BPTS,CL #8g x1/2 SS 304 POST TORX BUTTON STS,0.41,0.41
R12/N/1AB12/FL,Torx Security Screw 8g Dish and Mesh Button (304) Stainless Steel 8g x 1/2,Micro Fasteners Pty. Ltd.,S35 0812PTSS,8g x 1/2 Button Post Torx Security Scr Gr 304 S/S,0.2322,0.192
R120/W/34AWM/FL,Adapter Brass 20mm - 15mm for Water Meter WM: AS 3688,Austworld Commodities Pty Ltd,AW478,ADAPTOR M X F REDUCING BR 20FI X 15MI,1.1003,1.2
R121/N/34AWM/FX,Bracket 12 Water Meter,Beta Metal Spinning Co. Pty. Ltd.,WMB12,WATER METER BRACKET,7.85,7.85
R122/N/34AWM/FX,Support Ring Water Meter,Bredo Mators Pty. Ltd.,WMR12,,9.8,9.8
R123/W/34AWM/ID,Water Meter Measuring Cold Potable Water 15mm,Elster Metering Pty. Ltd.,50800/02,METER 15MM V100 G20,49.7,49.7
R124/N/34AWM/ID,Button Socket Screw Plain for Water Meter M5 x 10mm,Micro Fasteners Pty. Ltd.,U27 05010PL,M5 x 10mm Button Socket Scr Plain,0.0753,0.0725
R125/W/33PMWIC7/C15/FL,Straight Adaptor 3/8 x 1/2 bsp 7/15L Chiller Connection,Reliance Worldwide Corporation Pty. Ltd.,PI011224S,,3.42,3.07
R126/N/AC,5.0mm Aluminium Tread Foot Pedal,AG Holding,AQA1002A,Aluminium Pedal (No CSK),3.35,3.35
R127/W/ASM-39AFPS/FL,Top Tap Dispenser Eco Brass,Bredo Mators Pty. Ltd.,,Top Tap Dispenser Eco Brass,26.8,26.8
R127/W/FL,S/S - Top Tap Dispenser,BERKELEY ENGINEERING GROUP PTY LTD,,,39.5,39.5
R128/W/ASM-39AFPS/FL,Side Tap Dispenser Eco Brass,Bredo Mators Pty. Ltd.,,Side Tap Dispenser Eco Brass,24.2,24.2
R128/W/FL,S/S - Side Tap Dispenser,BERKELEY ENGINEERING GROUP PTY LTD,,,38.1,38.1
R129/W/AC,Universal Tap Body Eco Brass,Bredo Mators Pty. Ltd.,,,24.8,24.8
R13/N/1AB12/FX,Pop Rivets 3.2mm x 8.2mm Domed Head Aluminium,Bunnings - Port Melbourne,RVOA3264K,4-3 Dome Hd Rivet Al/Stl (3.2 x 8.0),0.0188,0.0207
R13/N/1AB12/FX,Pop Rivets 3.2mm x 8.2mm Domed Head Aluminium,Micro Fasteners Pty. Ltd.,R00 403AS,4-3 Dome Hd Rivet Al/Stl (3.2 x 8.0),0.0146,0.0319
R130/W/TBC/FL,Universal Tap Plug Acetal,Bredo Mators Pty. Ltd.,,Universal Tap Plug Acetal,2.9,2.9
R131/W/FL,Hex Connector Top Acetal with O-Ring groove,Bredo Mators Pty. Ltd.,,Hex Connector Top Acetal with O-Ring groove,3.8,3.8
R132/W/FL,Hex Connector Side Acetal with O-Ring groove,Bredo Mators Pty. Ltd.,,Hex Connector Side Acetal with O-Ring groove,3.8,3.8
R133/W/TBC/FL,Stem Adaptor 3/8 x 3/8 BSP Acetal,Bredo Mators Pty. Ltd.,,Stem Adaptor 3/8 x 3/8 BSP Acetal,3.8,3.8
R134/N/FX,Foot Pedal Bracket,AG Holding,AQA1007,Universal Tap Bracket V12 - 230 p/sheet,2.6,2.8
R134/N/FX,Foot Pedal Bracket,Beta Metal Spinning Co. Pty. Ltd.,,,0,0
R139/N/35AEB/PT,Extension Base Plate Half Moon 250mm,Beta Metal Spinning Co. Pty. Ltd.,BM 03,,10,10
R14/N/1AB12/FX,Button Socket Zinc Plated M8 x 20mm,Micro Fasteners Pty. Ltd.,U27 08020ZP,M8 x 20mm Button Socket Scr ZP,0.1735,0.165
R140/N/35AEB/FX,Hex Bolts Stainless Steel M10 x 20mm (304),Micro Fasteners Pty. Ltd.,X0710020304 M10 x 20 304 S/S Hex Bolts,,0.486,0.45
R141/N/35AEB/FX,Washers Stainless Steel M10 (304),Micro Fasteners Pty. Ltd.,X80 10302.5304 M10 x 30 x 2.5 Flat Washer 304 S/S,,0.2142,0.21
R142/N/36PIG/FX,Security Key T15 Resytorx Driver Bit 12 - Dish and Mesh,Micro Fasteners Pty. Ltd.,S37 T15RTDB,,4.95,4.95
R143/N/36PIG/ID,Printable Security Key Sticker,PMS Lithography,PMSSSKC,install guide in this box Sticker_printable,0.869,0.869
R144/N/36PIG/ID,Printable Install Guide in this Box Sticker,PMS Lithography,PMSSIG,install guide in this box Sticker_printable,0.869,0.869
R145/W/37PAR/FL,Stem Adaptor 10mm x 3/8 bsp,John Guest Pacific Ltd - RWC,JG-PM051013E,,1.08,1.08
R145/W/37PAR/FL,Stem Adaptor 10mm x 3/8 bsp,Reliance Worldwide Corporation Pty. Ltd.,JG-PM051013E,,1.08,1.08
R146/W/37PAR/FL,Straight Connector Equal 10mm,John Guest Pacific Ltd - RWC,JG-PM0410E,,2.394,2.394
R146/W/37PAR/FL,Straight Connector Equal 10mm,Reliance Worldwide Corporation Pty. Ltd.,PM0410E,,2.39,2.39
R147/W/37PAR/FL,Reducer 10mm Stem - 8mm Tube,John Guest Pacific Ltd - RWC,PM061008E,10mm - 8mm REDUCER,1.674,1.674
R147/W/37PAR/FL,Reducer 10mm Stem - 8mm Tube,Reliance Worldwide Corporation Pty. Ltd.,PM061008E,10mm - 8mm REDUCER,1.6702,1.67
R148/W/37PAR/FL,Straight Connector Unequal 15mm to 3/8 tube,John Guest Pacific Ltd - RWC,JG-PM0410E,,2.08,2.08
R148/W/37PAR/FL,Straight Connector Unequal 15mm to 3/8 tube,Reliance Worldwide Corporation Pty. Ltd.,NC2511,,2.08,2.08
R149/W/38PAVA/FL,T-Piece 10mm,John Guest Pacific Ltd - RWC,JG-PM0210E,,3.292,3.292
R149/W/38PAVA/FL,T-Piece 10mm,Reliance Worldwide Corporation Pty. Ltd.,JG-PM0210E,,3.2841,3.27
R15/N/1AB12/FX,Mudguard Washers Zinc Plated for Side Pod 5/16 x 1 x 16g,Micro Fasteners Pty. Ltd.,W17 082516GZP,5/16 x 1 x 16g Steel Mudguard Washer ZP,0.0348,0.0331
R150/W/38PAVA/FL,Stem Adaptor 10mm x 1/2 bsp,John Guest Pacific Ltd - RWC,JG-PM051014E,,1.773,1.773
R150/W/38PAVA/FL,Stem Adaptor 10mm x 1/2 bsp,Reliance Worldwide Corporation Pty. Ltd.,JG-PM051014E,,1.7711,1.77
R157/N/39AIR/FL,Armaflex FRV Insulation 9mm x 1m x 1.5mt,Actrol,Actrol - 1901061,,32.08,32.08
R158/N/39AIR/FL,Insulflex Cork Insul Tape 1/8 x 2 x 30 Vct2,Actrol,Actrol - 1901061,,42.3,37.65
R159/N/1AB12/ID,Quality Check Card,FRP Printing PTY LTD,46678,Printed Card 250gsm Aquabubbler Lid Hanger,0.447,0.447
R16/N/1AB12/FX,Pan Philips Self Tapper (304) Stainless 6g x 1/2,Micro Fasteners Pty. Ltd.,X40 0612304,6g x 1/2 Pan Phillips Self GR 304,0.038,0.038
R160/N/1AB12/FX,Half Crescent Base Plate V5,AG Holding,AQA1001-AB03/V5,Half Crescent Base Plate V5 - 84/per sheet,4.75,3.6
R161/N/FX,M6 x 65mm S/S Set Screw,Cost Less Bolts,BM665SS,NS 6x65mm SS 304 SET SCREW [50],0.2699,0.2699
R162/N/FX,M6 S/S Spring Washer,Cost Less Bolts,SWM16S,16x5x3.5mm SS 304 S-W [100],0.0285,0.0255
R163/N/FX,M6 S/S Nylock Nut,Cost Less Bolts,NM6NS,6.0mm SS 304 NYLOCK NUT [100],0.0503,0.0585
R164/N/FX,M4 x 12mm Pan Phillips,Cost Less Bolts,MTM412PPHS,4x12mm SS 304 PAN PHILLIPS MTS [100],0.0455,0.0705
R165/N/FX,M7 Hex Nut,Cost Less Bolts,NM7,7.0mm HEX NUT [200],0.2432,0.2432
R166/N/FX,M6 S/S Washer,Cost Less Bolts,FWM6S,6x12x1.2mm SS 304 F-W [100],0.019,0.019
R167/W/FL,Pipe 1/4 LLDPE Tubing - Black 500ft,Reliance Worldwide Corporation Pty. Ltd.,PE-08-BI-500F-E,,58.33,52.42
R168/W/AV,BS116N70AS4020 O-Ring,BSC Motion Technology,BS116N70AS4020,BS116N70 O-Ring,0.21,0.21
R169/W/FL,Straight Adaptor 1/4 x 1/4 BSP,Reliance Worldwide Corporation Pty. Ltd.,PI010812S,,1.84,1.74
R17/N/FX,Filter Bracket,AG Holding,AQA1005,Filter Bracket V01 - 133 p/sheet,2.65,2.2
R170/W/FL,Plug 1/4 AB||26,Reliance Worldwide Corporation Pty. Ltd.,PP0808W,,0.51,0.49
R171/N/FX,12mm x 12mm Square Bar 4 metre length,Ullrich Aluminium Pty Ltd,SQR12.00MI4L,12 x 12mm Aluminium Rod 4m 6060TS Temper,2.6524,11.5
R172/N/FL,Dog Bowl DB 001 + Bracket DB 015,Beta Metal Spinning Co. Pty. Ltd.,R172/N/FL,Dog Bowl DB 001 + Bracket DB 015,182,158
R173/W/FL,Stainless Steel Service Valve 3/8 Male Female WM API1598 EN12266,SP Valves,SP2PBSPMF,2-PC Ball Valve Full Bore Threaded End 1000 WOG Size 1/4 - 1/2 ,9.3247,8.12
R174/W/FL,316 Stainless Steel Hex Reducing Nipple 1/2 BSP tapered Thread Male - 3/8 BSP Tapered Thread Male,SP Valves,BSP R/N 1/2-3/8,316 BSP HEX REDUCING NIPPLE CL150¬¨‚Ä†,2,2
R175/N/ID,Hands Free Retro-Fit Sticker,FRP Printing PTY LTD,Hands Free Retro Fit Stickers,,0.272,0.272
R176/N/FL,Stem Elbow 3/8 - 1/4 ,Reliance Worldwide Corporation Pty. Ltd.,CI221208W,Stem Elbow 3/8 - 1/4 ,3.56,3.2
R177/N/FL,Straight Adaptor 3/8 x 3/8 bsp,Reliance Worldwide Corporation Pty. Ltd.,PI011213S,,1.9492,1.88
R178/N/FL,Female Adaptor 3/8 x 1/2 bsp - Flat End,Reliance Worldwide Corporation Pty. Ltd.,PI451214FS,3/8x1/2 Female Adaptor,3.77,3.59
R179/N/FX,H6 Base Plate with 4 Tags,AG Holding,AQA1013,600 Base Plate - 3mm Gal,29.25,29
R18/N/1AB12/ID,Card for Adjusting Water Pressure 250gsm,FRP Printing PTY LTD,,adjust water pressure Card 250gsm,0.402,0.3005
R18/N/1AB12/ID,Card for Adjusting Water Pressure 250gsm,PMS Lithography,PMSCAWP,adjust water pressure Card,0.77,0.77
R180/N/1AB12/PT,Poly Strap 15mmx1000M Blue - Dispenser Box,J.C Gilmore Pty Ltd,,,25,25
R181/W/FL,WM: AS 3688 Certified Elbow FI X C 15mm WM AS3688,aquabubbler,,,,0
R181/W/FL,WM: AS 3688 Certified Elbow FI X C 15mm WM AS3688,Austworld Commodities Pty Ltd,AW2150NB,,2.26,2.26
R182/W/FL,Tee Brass 15mm Female WM AS3688,Tradelink Pty Ltd,18119,Tee Brass 15mm Female,3.3,3.3
R183/N/FL,Director Low Density Male Inlet 19mm X 15mm,Smart Water Corporation Pty Ltd,FLDDI1915,Director Low Density Male Inlet 19mm X 15mm,0.64,0.8
R184/N/PT/YD,Yellow (109C) / Dark Grey (433C) Mouth Guard,Von Pace Group Pty Ltd,R184MGYD,Yellow (109C) / Dark Grey (433C) Mouth Guard,3.99,0.5184
R185/N/PT/GD,Green (376C) / Dark Grey (433C) Mouth Guard,Von Pace Group Pty Ltd,R185/N/PT/GD,Green (376C) / Dark Grey (433C) Mouth Guard,3.99,0.5184
R186/N/PT/BD,Blue (2995C) / Dark Grey (433C) Mouth Guard,Von Pace Group Pty Ltd,R186/N/PT/BD,Blue (2995C) / Dark Grey (433C) Mouth Guard,3.99,0.5184
R187/N/PT/RD,Red (032C) / Dark Grey (433C) Mouth Guard,Von Pace Group Pty Ltd,R187/N/PT/RD,Red (032C) / Dark Grey (433C) Mouth Guard,3.99,0.5184
R188/N/PT/GD,Grey (432C) / Dark Grey (433C) Mouth Guard,Von Pace Group Pty Ltd,R188/N/PT/GD,Grey (432C) / Dark Grey (433C) Mouth Guard,3.99,0.5184
R189/N/FL,Plastic Washer,Von Pace Group Pty Ltd,R189/N/FL,Plastic Washer Von Pace,0.32,0
R19/N/1AB12/ID,Printable Card - Fill the Pod 250gsm,FRP Printing PTY LTD,46677,Fill the Pod Hanger,0.7,0.3795
R19/N/1AB12/ID,Printable Card - Fill the Pod 250gsm,PMS Lithography,PMSCFTP,fill the pod Card_printable_with black line,0.77,0.77
R190/N/FX,Plastic Tread Foot Pedal,Von Pace Group Pty Ltd,R190/N/FX,Plastic Tread Foot Pedal,1.21,0.01
R191/N/FX,Roll Spring Pin 12 S/S (420) 1/8 x 3/4,Austain Fasteners Pty Ltd,RP09,,0.14,0.088
R191/N/FX,Roll Spring Pin 12 S/S (420) 1/8 x 3/4,Micro Fasteners Pty. Ltd.,X91 03020I420,,0.14,0.09
R192/N/FX,Security Screwdriver T15 Post Torx,Ningbo Tango Tree Tools Co. Ltd.,R192/N/FX,Security Screwdriver T15 Post Torx,0.3311,0.3311
R193/W/FL,316 S/S Vandal Proof Male Garden Tap 15mm,Bunnings - Port Melbourne,I/N: 0144234,EnduraSeal 15mm 316 Stainless Steel Vandal Proof Male Garden Tap,21.82,29.65
R194/N/4ABS14/PT,ABWBS14 Void Box The Void to transform Big box for small station,Abbe Corrugated Pty. Ltd.,160488,,3.51,3.51
R195/N/FL,Silicone Parfix 300g Clear,Bunnings - Port Melbourne,1232705,SILICONE BATHRM&KITCHEN PARFIX++300G CLEAR,7.59,7.23
R196/W/1AB12/FL,1/2 BSP 90 Elbow F/F 316 S/S,SP Valves,BSP 90 F/F 1/2,316 BSP Elbow F/F CL150,2.26,2.26
R197/W/1AB12/FL,1/2 BSP Socket F/F 316 S/S,SP Valves,BSP M/S 1/2,316 BSP Machined Socket F/F CL150,1.96,1.96
R198/W/1AB12/FL,1/2 BSP Hex Nipple M/M 316 S/S,SP Valves,BSP H/N 1/2,316 BSP Hex Nipple M/M,1.6115,1.55
R199/W/1AB12/FL,1/2 BSP Equal Tee F/F/F 316 S/S,SP Valves,BSP E/T 1/2,316 BSP Equal Tee F/F/F CL150,3.56,3.1
R20/N/1AB12/ID,Printable Sticker Plate Internal Base - Mounting,PMS Lithography,PMSSIBM,Internal base-mounting plate Sticker_1_printable,1.04,0.77
R200/N/1AB12/FX,1/2 BSP Backing Nut 316 S/S,SP Valves,BSP B/N 1/2,316 BSP Backing Nut CL150,1.07,1.07
R201/N/1AB12/FX,1 BSP Backing Nut 316 S/S - (Tap Body Nut),SP Valves,BSP B/N 1,316 BSP Backing Nut CL150,2.0654,1.57
R202/N/24PSPA/FL,Sink Mesh Rosette Profile Plate for ABUA13,AG Holding,AQA1010-WC004,Sink Mesh Profile - SS 316 N4,4,3.9
R203/N/24PSPA/FL,Sink Mesh Under Plate for ABUA13,AG Holding,AQA1011-WC005,Sink Mesh Under Plate - SS 316 2B,0.6,0.55
R204/N/FX,Security Screwdriver T30 Post Torx,Ningbo Tango Tree Tools Co. Ltd.,R204/N/FX,Security Screwdriver T30 Post Torx,0.64,0.64
R205/N/1AB12/FX,Pop Rivets 3.2mm x 6.4mm Domed Head S/S,Micro Fasteners Pty. Ltd.,R00 402 STST,4-3 Dome Hd Rivet S/S (3.2 x 6.4),0.0997,0.0998
R206/N/21PFL/PT,Fountain Drain Polished,Beta Metal Spinning Co. Pty. Ltd.,304SSFD19P,Fountain Drain Polished,5.5,5.5
R207/N/21PFL/PT,Fountain Cone Polished,Beta Metal Spinning Co. Pty. Ltd.,,Fountain Cone Polished,5.5,5.5
R208/N/FL,1LTR Plastic Jerry Can,Plasdene Glass-Pak,PL-1LTR-125-NT,1LTR Natural HDPE Jerrycan 38mm T/Tel,1.2745,1.2745
R209/N/FL,38mm Jerry Can Cap,Plasdene Glass-Pak,CL-38-174-WT,38mm White PP Wadded T/Tel Cap,0.0754,0.0754
R21/N/1AB12/ID,Printable Sticker Plate Important Base - Mounting,PMS Lithography,PMSSIBM2,Important Base mounting plate sticker,1.04,0.77
R210/N/FL,P-Trap Micro Basin PVC 40mm,Tradelink Pty Ltd,113312,,11.196,8.8
R211/N/1ABWMR21/FX,ABWMR21 Wall Mounted Refill - Wall Bracket 1.2mm S/S,AG Holding,AQA1014,Wall Unit Mould Bracket V14,27.15,27.15
R212/N/FX,M6x16 Button Post Torx M/T 304 S/S,Cost Less Bolts,BHCSM616PTS,6x16 SS 304 Post Torx BHCS,0.78,0.25
R213/N/FX,#8x1 SS Countersunk Head Post Torx - Self Tapper,Cost Less Bolts,ST81CPTS,#8x1 SS CSK Post Torx STS,0.328,0.2985
R214/N/FX,M6x40mm Countersunk Post Torx Screw,Cost Less Bolts,FHCSM640PTS,NS 6x40mm SS FHCS Post Torx Bulk,0.7,0.7
R215/N/FX,M6x16mm Mushroom Head Phillips Button Screw,Cost Less Bolts,SMTC40M6016H,M6 x 16mm Mushroom Head Phillips - Button,0.6647,0.6
R216/N/FX,SS Rivet 4.8dia x 3.2grip dome head,Cost Less Bolts,RSTST62,CL STST6-2 All Stainless Steel Rivet [500] RD-STST62,0.34,0.34
R217/W/AV,OR019x3N70AS4020 O-Ring,BSC Motion Technology,10203888,O-Ring MET NBR D70 AS4020 19x3mm,0.3158,0.36
R218/W/7AFC/FL,Filter Cartridge Mini Carbon Block & Sediment Filter 10 Snaplock [Compact],BWT Australia,QC2533,10 snaplock cartridge 5 micron fibron activated carbon,29.16,27
R219/W/7AF0/FL,Filter Mini Snaplock Manual Head,BWT Australia,QCHMJZ22,1/4 Quick Connect in out Manual Head,16.2,15
R22/N/1AB12/FL,Bend Drain-Waste-Vent Plain F&F Polyvinyl Chloride 40mm x 88 Deg WMKA1305,Tradelink Pty Ltd,10091,BEND DWV PVC PLN F&F 40MM X 85D,1.53,1
R220/N/FX,Filter Mini Snaplock Mounting Bracket,BWT Australia,BT21P1,Snaplock Quick Connect Mounting Bracket,2.052,1.9
R221/N/FX,1mm x 19 strand S/S wire rope. 50M Roll,Low Cost Wire,28827-28830,1.0mm 1√ó19 G316 Stainless Steel Wire Rope,0.0202,0.0202
R222/W/LB,Molykote 100gram Dow Corning 111 Compound,BSC Motion Technology,100GM111,,29.31,25.11
R223/N/TRF223/AV,Top Tap Body Stainless Steel 304,BERKELEY ENGINEERING GROUP PTY LTD,BE-AQB001S,,51.4,49.8
R223/N/TRF223/AV,Top Tap Body Stainless Steel 304,Bredo Mators Pty. Ltd.,TF09 (09/001SS),,134.25,134.25
R224/N/TRF224/AV,Side Tap Body Stainless Steel 304,BERKELEY ENGINEERING GROUP PTY LTD,BE-AQB003S,SA-SF09 Bottle Filler Tap Body SS304,51.4,48.2
R225/N/1ABWR21/ID,Label Serial Number S/S Blank Plate A ( + hole ) - ABWR21,AG Holding,AQA1016,Serial Label A - 100 x 35 : SS 304 N4,16.75,0.85
R226/N/1AB12/ID,Label Serial Number S/S Blank Plate B ( - hole ) - AB12,AG Holding,AQA1017,Serial Label B - 100 x 35 : SS 304 N4,16.6,0.75
R227/W/FL,PR Limiting PSL 350KPA 15MM,Reliance Worldwide Corporation Pty. Ltd.,PSL511,,62.36,62.37
R228/W/FL,3/8 x 3/8 Male Connect BSPT,Reliance Worldwide Corporation Pty. Ltd.,PI011203S,,2.43,2.43
R229/N/FX,Serial Label Plate,AG Holding,AQA1019,Serial Label Plate - 72 p/sheet,6.8,6.8
R235/W/FL,Hex Connector Top S/S with O-Ring groove,BERKELEY ENGINEERING GROUP PTY LTD,BE-AQB005P,20/001 Hex Connector - Top SS304,7.6,7.1
R235/W/FL,Hex Connector Top S/S with O-Ring groove,Bredo Mators Pty. Ltd.,,Hex Connector Top Acetal with O-Ring groove,7.05,7.05
R236/W/FL,Hex Connector Side S/S with O-Ring groove,BERKELEY ENGINEERING GROUP PTY LTD,,,7.6,7.1
R236/W/FL,Hex Connector Side S/S with O-Ring groove,Bredo Mators Pty. Ltd.,,Hex Connector Side Acetal with O-Ring groove,6.95,6.95
R237/N/FX,Aluminium Rod 12mm x 4metre length,Ullrich Aluminium Pty Ltd,RDR12.00MI4L,12mm x 4m Aluminium Rod 6060T5 Temper,9.62,9.5
R238/N/FX,1/8 x 3/4 S/S 304 Round MTS,Cost Less Bolts,MT1834RS,1/8 x 3/4 S/S 304 Round MTS,0.0672,0.0684
R239/N/FX,1/8 BSW SS 304 Hex Nut,Cost Less Bolts,N18S,1/8 BSW SS 304 Hex Nut,0.068,0.06
R240/W/7AF0/FL,Filter Cartridge Carbon Block & Sediment Filter 10 with Polyphosphate,BWT Australia,QC3533P,,39.96,37
R241/N/1AB12/FX,Pop Rivets 4.8mm x 19mm Grip Domed Head,Micro Fasteners Pty. Ltd.,AS6-12,4-3 Dome Hd Rivet S/S (4.8 x 19mm),0.0865,0.0998
R242/N/1ABWR21/ID,Serial Label Plate (A) ABWMR21 (With Hole),AG Holding,AQA1016,Serial Label A - 690 p/sheet,0.9,0.9
R243/N/1AB12/ID,Serial Label Plate (B) AB12 (No Hole),AG Holding,AQA1017,Serial Label B - 690 p/sheet,0.75,0.75
R244/N/1AB12/FL,Sump Mesh Profile - (Front Pod Wire Mesh),AG Holding,AQA1015,Sump Mesh Profile (3.1mm Art x 1.2mm Dia) - 819 p/sheet,1.6,1.6
R245/N/FX,Sump Mesh Dress Ring - Black Gloss Plastic IM,Von Pace Group Pty Ltd,R245/N/FX,Sump Mesh Dress Ring,1.31,1.3
R246/N/FX,Sump Mesh Underplate Disc - Black Plastic IM,Von Pace Group Pty Ltd,R246/N/FX,Sump Mesh Underplate Disc,1.1,1.1
R247/N/FX,Fountain Tray Sump - Black Plastic IM,Von Pace Group Pty Ltd,R247/N/FX,Fountain Tray Sump,1.23,1.23
R248/N/FX,Funnel Fitting - Black Plastic IM,Von Pace Group Pty Ltd,R248/N/FX,Funnel Fitting,1.22,1.22
R249/N/FL,40mm PVC 40 degree elbow Female to Male,Tradelink Pty Ltd,10197,,2.26,1.84
R25/N/20PF0/FL,Filter Head,BWT Australia,QCH43MHY - Filter Head,,9.72,9
R250/N/1AB12/PT,Delivery Box Carton for ABWR21 330W x 620D x 240H mm,Imperial Cartons,,ABWR21 330W x 620D x 240H mm,1.85,1.85
R251/W/AC,S/S - Universal Tap Body,BERKELEY ENGINEERING GROUP PTY LTD,,,36.2,36.2
R252/W/FL,Stainless Steel Service Valve 3/8 Male Female WM API1598 EN12266,SP Valves,SP2PBSPW 316 3/8,316 BSP 2 piece ball valves,8.147,8.147
R253/W/FL,316 Stainless Steel Hex Nipple Male / Male,SP Valves,BSP H/N 3/3,316 BSP HEX REDUCING NIPPLE CL150¬¨‚Ä†,1.043,1.043
R254/N/FX,1.2mm Wire Swages / Crimps,Low Cost Wire,1231-5983,1.2mm Swages Nickel Coated Copper Hourglass,0.0285,0.2852
R255/N/1AB12/FL,1/2 to 1/4 BSP Reducing Nipple - 316 S/S,SP Valves,NPTR/N1/2-1/4,1/2 BSP R/NIPPLE- 1/4 NPT R/NIPPLE 316 S/S,2.18,2.18
R256/N/FX,M4 x 10mm Countersunk Head Phillips 304 S/S,Micro Fasteners Pty. Ltd.,X37 0410CP304,M4 x 10mm Csk Hd Phil M/T Gr 304 S/S,0.0593,0.0593
R257/N/FL,Tap adaptor 1/4 tube OD x 3/4 BSP thread,Reliance Worldwide Corporation Pty. Ltd.,CI320816S,1/4 tube OD x 3/4 BSP thread,2.56,2.56
R258/W/FL,BWT ULTRO Filter Cartridge Carbon FIBRON 5 + AS 3497 - 2021 WM 022099,BWT Australia,QX1524,,43,37
R259/W/FL,BWT ULTRO Filter Cartridge Carbon FIBRON & SCALE 5 + AS 3497 - 2021 WM 022099,BWT Australia,QX1524P,,39,39
R26/N/20PF0/FX,Screw Phil Pan Self Tap (304) 10g x 3/4 ,Micro Fasteners Pty. Ltd.,X40 1020304,,0.054,0.05
R260/N/FX,BWT ULTRO Filter Head No Bkt W+M,BWT Australia,QXH53MCR,,25.07,23
R261/N/FL,Tap adaptor 3/4 tube OD x 3/4 BSP thread,Reliance Worldwide Corporation Pty. Ltd.,PI451213S,3/4 tube OD x 3/4 BSP thread,3.92,2.56
R262/N/FL,Vertical Snake-Trap with Overflow PVC 40mm,Tradelink Pty Ltd,15290565,,15.95,8.8
R263/N/19PDGB/FX,Nut M8 Stainless Steel (304) for Dog Bowl,Micro Fasteners Pty. Ltd.,X51 08304,M8 Nylon Insert Lock Nut Gr 304 S/S,0.1281,0.27
R264/N/FX,Filter Bracket (Aussie Filter),AG Holding,AQA1032,Filter Bracket V04,3.15,3.15
R265/W/FL,1/4 Union Coupling PI0408S,John Guest Pacific Ltd - RWC,-,,1.92,1.72
R265/W/FL,1/4 Union Coupling PI0408S,Reliance Worldwide Corporation Pty. Ltd.,,,1.92,1.92
R266/N/1AB12/FX,3.2 x 9.6mm Open Stainless Steel Blind Rivets,Micro Fasteners Pty. Ltd.,R00 404STST,3.2 x 9.6mm Open Stainless Steel Blind Rivets,0.1151,0
R266/N/FX,M4x10mm CSK Phillips Head S/S 304,Micro Fasteners Pty. Ltd.,X37 0410CP304,M4 x 10mm Csk Hd Phil M/T Gr 304 S/S,0.0593,0.0593
R267/W/FL,Inline Flow Controller 2 litres / minute,Reliance Worldwide Corporation Pty. Ltd.,IL02C.10,,5.897,5.897
R268/W/FL,Inline Flow Controller 4 litres / minute,Reliance Worldwide Corporation Pty. Ltd.,IL04C.10,,5.897,5.897
R269/N/1ABWDF23/FX,ABWDF23 Wall Drinking Fountain - Wall Bracket 1.2mm S/S,AG Holding,AQA1033,WDF Allsheet 3,86,39.45
R269/W/FL,316 Stainless Steel Hex Nipple 3/8 BSP tapered Thread Male - 3/8 BSP Tapered Thread Male,SP Valves,BSP H/N 3/8,316 BSP HEX NIPPLE M/M WM,1.22,0
R27/N/2ABUA13/PT,Delivery Box Carton for Side Pod 355mm x 215mm x 265mm,Abbe Corrugated Pty. Ltd.,149341,ABUAD Side Pod/Bod Bowl Carton 2017,1.443,2.9
R270/W/FL,316 Stainless Steel Hex Reducing Bush 1/2 BSP tapered Thread Male - 3/8 CL 150 WM,SP Valves,BSP R/B 1/2-3/8,316 BSP Hex Reducing Bush CL 150 WM,1.3241,0
R271/N/FX,Stainless Steel Plaque Blank,AG Holding,AQA1034,Plaque - 170x170 SS 304 N4 - 0.7mm thick (25 units),6.9,6.9
R28/N/2ABUA13/PT,Delivery Box Carton Insert for Side Pod,Abbe Corrugated Pty. Ltd.,149342,ABUAD Side Pod/Bod Bowl Insert 2017,1.863,1.137
R29/N/1AB12/FX,Lock Nut DR Brass 25mm WM: AS 3688,Austworld Commodities Pty Ltd,AW5002,LOCK NUT BR 25MM,1.4,1.32
R30/N/2ABUA13/FL,Hose Siphon Petrol Transfer 18mm with Anti Static Strip 50m,Hose Factory,HF1802SIP,Siphon Petrol Transfer 18mm Hose with Anti Static Strip,158.41,138.41
R31/N/2ABUA13/ID,Printable Card Tighten Bolts Tag 250gsm,FRP Printing PTY LTD,,Tighten Bolts Tag Card 250gsm,0.2885,0.2885
R31/N/2ABUA13/ID,Printable Card Tighten Bolts Tag 250gsm,PMS Lithography,PMSCTBH,Tighten Bolts Tag Card ,0.822,0.822
R32/W/20PF0/FL,Stem Elbow 3/8 - 3/8 ,Reliance Worldwide Corporation Pty. Ltd.,CI221212W,,3.48,3.48
R33/N/2ABUA13/FL,Elbow Low Density Male Inlet 19mm X 15mm,Smart Water Corporation Pty Ltd,FLDEM1915,LD ELBOW MI 19MM X 15MM,0.6656,0.5184
R34/N/4ABS14/FL,Waste 40x50mm BRS CP : 71092,Elson Australiasia Pty Ltd,71092,PLUG&WASTE 40x50mm BRS CP W/RUB PLG,9.93,9.5
R35/N/4ABS14/PT,Delivery Box Carton for ABS14 1535 x 505 x 330mm,Abbe Corrugated Pty. Ltd.,160485,Aquabubbler Re Fill Station Carton,17.841,17.841
R36/N/4ABS14/FX,Base Plate for ABS14,AG Holding,AQA1008-BF/006,Bottle Filler Base Plate,9.9,10
R36/N/4ABS14/FX,Base Plate for ABS14,Beta Metal Spinning Co. Pty. Ltd.,,,14.99,0
R37/N/4ABS14/FX,Pop Rivet 4.8mm x 12.7mm,Micro Fasteners Pty. Ltd.,R00 605AS,6-8 Dome Hd Rivet Al/Stl (4.8 x 12.7),0.0351,0.0351
R38/N/FX,Screw Stainless Steel Countersunk Post Torx Machine (304) M6 x 16,Cost Less Bolts,FHCSM616PTS,6x16mm SS 304 POST TORX FHCS [100,0.431,0.265
R38/N/FX,Screw Stainless Steel Countersunk Post Torx Machine (304) M6 x 16,Micro Fasteners Pty. Ltd.,S19 0616PTSS,,0.309,0.309
R39/N/4ABS14/FX,Screw Countersunk Phil (304) M6 x 20,Micro Fasteners Pty. Ltd.,X370620CP304,,0.12,0.12
R40/N/17PDGT/FX,Universal Tap Mounting Plate for Dog Bowl Tap,AG Holding,AQA1004,Universal Tap Mounting Plate Dog Bowl V01 - 400 p/sheet,2.35,1.85
R41/N/17PDGT/AV,Body Brass of Dog Bowl Tap G352,Bredo Mators Pty. Ltd.,DB 005,,38.8,38.8
R42/N/4ABS14/ID,Sign Board Plate Capping Drilled 1115mm,Ullrich Aluminium Pty Ltd,UA8876CLC1.12LKD,SIGN BOARD CAPPING AN 15um MATTE CLEAR DRILLED,15.89,15.89
R43/N/4ABS14/FX,Flat Bar Aluminium Anodised Matt Clear 15um 20mm x 3mm x 4 metre Length,Ullrich Aluminium Pty Ltd,Aluminium Flat Bar 20x3mm x 4m,,20.31,10.85
R44/W/6AC3/FL,Shut Off Valve 1/4 - 1/4 ,John Guest Pacific Ltd - RWC,PPSV040808W,,5.08,5.08
R44/W/6AC3/FL,Shut Off Valve 1/4 - 1/4 ,Reliance Worldwide Corporation Pty. Ltd.,PPSV040808W,,5.65,5.08
R45/W/6AC3/FL,Tap Adaptor 1/4 x 1/2 BSP,Reliance Worldwide Corporation Pty. Ltd.,CI320814S,,2.17,2.17
R46/ PE-15115-0100M-B,"Pipe 15mm LLDPE Tube ‚ÄúBlue 	AB||26",John Guest Pacific Ltd - RWC,JG-PE-15115-0100M-B,15mm LLDPE Tube “Blue ,152.3,152.3
R46/ PE-15115-0100M-B,"Pipe 15mm LLDPE Tube ‚ÄúBlue 	AB||26",Reliance Worldwide Corporation Pty. Ltd.,PE-15115-0100M-B,15mm LLDPE Tube ‚ÄúBlue ,152.3,152.3
R46/W/6AC3/FL,Pipe 1/4 LLDPE Tubing - White 500ft,John Guest Pacific Ltd - RWC,PE-08-BI-500F-W,,52.42,52.42
R46/W/6AC3/FL,Pipe 1/4 LLDPE Tubing - White 500ft,Reliance Worldwide Corporation Pty. Ltd.,PE-08-BI-500F-W,,52.42,52.42
R47/W/6AC3/FL,PLV Plastic 1/4 D 350 kpa,BWT Australia,VAZ350-14,PLV Plastic 1/4 D 350 kpa,19,12
R48/N/30PCWS2/FL,Pipe Insulated ST STD Temp Plain 6ID 9WT 2MTR,Tradelink Pty Ltd,#139841,INSUL Pipe ST STD Temp PLN 6ID 9WT 2MTR,2.45,1.51
R49/W/FL,Shut Off Valve 3/8 - 3/8 ,BWT Australia,PPSV041212W,,5.03,5.03
R49/W/FL,Shut Off Valve 3/8 - 3/8 ,Reliance Worldwide Corporation Pty. Ltd.,PPSV041212W,,5.35,5.35
R50/W/FL,Tap Adaptor 3/8 x 1/2 bsp,Reliance Worldwide Corporation Pty. Ltd.,CI321214S,,2.2096,2.17
R51/W/7AF0/FL,Filter Cartridge Carbon Block & Sediment Filter 10 WM,BWT Australia,MFS33AB F10 ,,43.56,37
R52/N/FX,Security Screw Countersunk Post Torx M6 x 20 (304),Micro Fasteners Pty. Ltd.,S19 0620PTSS,M6 x 20 Csk Post Torx Security Screw Gr 304 S/S,0.4174,0.345
R53/N/FX,M6 S/S 304 Hex Nut,Cost Less Bolts,MN6S,6.0mm SS 304 HEX NUT [100],0.0437,0.0525
R53/N/FX,M6 S/S 304 Hex Nut,Micro Fasteners Pty. Ltd.,X51 06304,,0.082,0.082
R54/W/FL,Pipe 3/8 LLDPE Tube - Blue,Reliance Worldwide Corporation Pty. Ltd.,PE-12-EI-0500F-B,,116.69,104.8
R55/W/9AFT/FL,Twin Filtration System AB45,BWT Australia,BWT- AB45,,159,159
R56/W/9AFT/FL,Shut Off Valve 3/8 National Pipe Thread (NPT),BWT Australia,PPSV011223W,,6.47,6.47
R56/W/9AFT/FL,Shut Off Valve 3/8 National Pipe Thread (NPT),Reliance Worldwide Corporation Pty. Ltd.,PPSV011223W,,5.35,5.35
R57/N/17PDGT/FL,End Plug Hex Brass of Dog Bowl Tap 1 C352,Bredo Mators Pty. Ltd.,DB 008,,10.6,10.6
R58/N/10ADG/FX,Flanged Back Nut for Dog Bowl 15mm AS 3688,Austworld Commodities Pty Ltd,BNF15,,0.715,0.71
R59/W/10ADG/FL,Dog Bowl Nozzle Stainless Steel (303/304),Bredo Mators Pty. Ltd.,DB 010,,29,29
R60/N/10ADG/FX,Roll Spring Pin 12 Stainless Steel (420) 1/8 x 1/2,Austain Fasteners Pty Ltd,RP09,,0.0945,0.088
R60/N/10ADG/FX,Roll Spring Pin 12 Stainless Steel (420) 1/8 x 1/2,Micro Fasteners Pty. Ltd.,RP09,,0.1495,0.09
R61/W/FL,Flat Washer Nylon DG M22.44 x 32.44 x 1.6mm,Micro Fasteners,DG M22.44 x 32.44 x 1.6mm,,0.9,0.9
R61/W/FL,Flat Washer Nylon DG M22.44 x 32.44 x 1.6mm,Micro Fasteners Pty. Ltd.,,,1.5795,0.9
R62/N/11AGT/FL,Hose Tap Vandal Proof,Austworld Commodities Pty Ltd,Austworld - TH67F15m,,6.3503,5.72
R63/W/11AGT/FL,Vandal Proof Garden Tap,Austworld Commodities Pty Ltd,Austworld - TH71F,,1.7097,1.54
R64/W/FL,Nozzle Insert Stainless Steel (303/304) Drawing No. 09/009,Bell Springs Pty. Ltd.,304 S/Steel Nozzle Inserts 0.4,,1,0.7
R65/N/TRF65/AV,Raw - Top Tap Body Eco Brass,Bredo Mators Pty. Ltd.,Fountain Body ECO TR09,,37.0998,35.35
R66/N/17PDGT/AV,Push Button Stainless Steel of Dog Bowl Tap,BERKELEY ENGINEERING GROUP PTY LTD,BE-AQB015S DB007,Dog Bowl Tap Push Button,6.9373,8.85
R66/N/17PDGT/AV,Push Button Stainless Steel of Dog Bowl Tap,Bredo Mators Pty. Ltd.,DB 007,,14.8,14.8
R67/N/TRF67/FL,Raw - Exit Nozzle Stainless Steel (303/304) Part No. 09/008,BERKELEY ENGINEERING GROUP PTY LTD,BE-AQB007S,09/008 Nozzle SS304,2.78,2.35
R67/N/TRF67/FL,Raw - Exit Nozzle Stainless Steel (303/304) Part No. 09/008,Bredo Mators Pty. Ltd.,EN09,Exit Nozzle Broached S/S Raw,5.93,5.65
R68/W/12PTF/FL,Hex Connector Acetyl for Top Fountain 1 - 15mm Thread,Bredo Mators Pty. Ltd.,BCTF (09/005A),,3.8,3.8
R69/W/AV,Valve Spindle Hex Stainless Steel (303/304),BERKELEY ENGINEERING GROUP PTY LTD,BE-AQB006S,Valve Spindle Hex SS304,7.9,7.1
R69/W/AV,Valve Spindle Hex Stainless Steel (303/304),Bredo Mators Pty. Ltd.,VS09,,11.55,11
R70/W/12PTF/FL,Acetal Washer 16mm x 25mm x 2mm,Bredo Mators Pty. Ltd.,AW19,,1.2,1.2
R71/W/AV,O-Ring 6mm 6 x 10 x 2 DURO 70 AS 4020,BSC Motion Technology,OR6x2ASO4020,,0.18,0.17
R72/W/AV,O-Ring 6mm 6 x 11 x 2.5 DURO 70 AS 4020,BSC Motion Technology,OR6x2.5ASO4020,,0.22,0.21
R73/W/12PTF/AV,O-Ring 8m 8 x 12 x 2 DURO 70 AS 4020,BSC Motion Technology,OR8x2ASO4020,,0.11,0.1
R74/W/17PDGT/FL,Red Fibre Washer 15.875mm x 25.4mm x 1.5mm 12,Micro Fasteners Pty. Ltd.,WOO 1625116RF,,0.1836,0.137
R75/W/AV,Spring Stainless Steel (304),Marsh Springs,FS09,,0.58,0.554
R76/N/17PDGT/FX,Screw Countersunk Phil MT Zinc Plated for Dog Bowl M6 x 16,Micro Fasteners Pty. Ltd.,M370616ZP,M6x16 Csk Phil m/t zp (dog bowl),0.069,0.069
R77/N/TRF77/AV,Raw - Press Button Stainless Steel,BERKELEY ENGINEERING GROUP PTY LTD,BE-AQB008S,09/003 B Press Button SS304,11.8,10.9
R77/N/TRF77/AV,Raw - Press Button Stainless Steel,Bredo Mators Pty. Ltd.,PBSS09,S/S Push Button Engraved Raw,14.17,13.5
R78/W/18PDG/FL,Reducer 5/16 Stem - 1/4 Tube,John Guest Pacific Ltd - RWC,PI061008S,,1.3544,1.3544
R78/W/18PDG/FL,Reducer 5/16 Stem - 1/4 Tube,Reliance Worldwide Corporation Pty. Ltd.,PI061008S,,1.35,1.35
R79/N/TRF79/PT,Raw - Polished Stainless Steel Top Tap Shroud,General Laser,TTS S/S19,,3.7,3.7
R80/N/TRF80/FL,Raw - Side Tap Body Eco Brass,Bredo Mators Pty. Ltd.,Bottle Filler ECO SF09 09/002,,35.54,34.82
R81/W/13PSF/FL,Hex Connector Acetyl for Side Tap 1 - 15mm Thread,Bredo Mators Pty. Ltd.,BC-SF09 09/006A,,3.8,3.8
R82/W/FL,Pressure Reducing Valve Lead Free Caleffi Regulator,All Valve Industries Pty. Ltd.,All Valve - 533430H PRV,,33.46,33.46
R83/N/FX,Mini Regulator Bracket V08,AG Holding,AQA1006,Mini Regulator Bracket V08 - 224 p/sheet,2.45,2.45
R84/N/14PRGI/FX,Nut for Regulator Bracket Internal Hex Std Nut Zinc Plated M6,Micro Fasteners Pty. Ltd.,N01 06ZP,,0.0164,0.0164
R85/N/14PRGI/FX,Screw for Regulator Bracket Internal Pan Head Phil MT Zinc Plated M6 x 20,Micro Fasteners Pty. Ltd.,M30 0620ZP,,0.079,0.079
R86/N/FX,M6 Rivnut CSK,Cost Less Bolts,SAM6,6mm FLUSH STEEL POLY NUT [1000],0.0324,0.0324
R86/N/FX,M6 Rivnut CSK,Micro Fasteners Pty. Ltd.,R16 06ZP Nut,,0.1134,0.099
R87/W/FL,Stem Adaptor 3/8 - 3/8 bsp,Reliance Worldwide Corporation Pty. Ltd.,PI051213S,,1.33,3.31
R88/W/9AFT/FL,Reducer 15mm Stem - 3/8 tube,John Guest Pacific Ltd - RWC,NC2164,,2.8664,3.31
R88/W/9AFT/FL,Reducer 15mm Stem - 3/8 tube,Reliance Worldwide Corporation Pty. Ltd.,NC2164,,0.1,3.31
R89/W/14PRGI/FL,Stem Adaptor 15mm x 3/8 BSP,John Guest Pacific Ltd - RWC,JG-PM051513E,,1.444,0
R89/W/14PRGI/FL,Stem Adaptor 15mm x 3/8 BSP,Reliance Worldwide Corporation Pty. Ltd.,JG-PM051513E,,1.44,0
R90/N/14PRGI/FL,Valve 15mm Dual Check Stop Valve,John Guest Pacific Ltd - RWC,15DCSV,,20.03,20.03
R90/N/14PRGI/FL,Valve 15mm Dual Check Stop Valve,Reliance Worldwide Corporation Pty. Ltd.,15DCSV,,20.03,20.03
R91/N/24PSPA/FL,Sink Mesh and Sink Mesh Under Plate for ABUA13,Beta Metal Spinning Co. Pty. Ltd.,WC 004/005,,11,11
R92/N/24PSPA/FL,Elbow FI Low Density 19mm x 15mm,Smart Water Corporation Pty Ltd,Smart Water - FLDEF1915,,1.9904,1.37
R93/N/24PSPA/FX,Screw Poly Hex Nipple 15mm,Smart Water Corporation Pty Ltd,Smart Water - 01000338,,1.4112,1.03
R94/W/16PVA/FL,Solar Panel Anti-Freeze Valve Caleffi 15mm,All Valve Industries Pty. Ltd.,603040,,70,60
R95/W/16PVA/FL,Equal Tee - Piece 3/8 ,John Guest Pacific Ltd - RWC,CI0212W,3/8 Equal Tee - Piece,3.22,3.22
R95/W/16PVA/FL,Equal Tee - Piece 3/8 ,Reliance Worldwide Corporation Pty. Ltd.,CI0212W,,3.59,3.22
R96/N/TRF96/FL,Raw - Fountain Dish Stainless Steel,Beta Metal Spinning Co. Pty. Ltd.,304SSFT18R,,70,55.5
R97/N/21PFL/PT,Fountain Drain Polished + Cone,Beta Metal Spinning Co. Pty. Ltd.,304SSFD19P,Fountain Drain Polished + Cone,13.9858,12
R98/N/18PDG/FL,Female Adaptor 5/16 x 1/2 bsp - Flat End,John Guest Pacific Ltd - RWC,JG-PI451014FS,,3.42,3.42
R98/N/18PDG/FL,Female Adaptor 5/16 x 1/2 bsp - Flat End,Reliance Worldwide Corporation Pty. Ltd.,PI451014FS,,3.5361,3.42
R99/N/25PWPC/FL,S-Trap Polyvinyl Chloride 40mm WMKT1307-1,Tradelink Pty Ltd,11012,,7.71,5.61
RB12,12 - regulator bracket AB||10,Beta Metal Spinning Co. Pty. Ltd.,RB12,,10.8,10.8
RB18 Nymet,18 - regulator bracket for Nymet Regulator,Beta Metal Spinning Co. Pty. Ltd.,RB18,,8,5.8
Recycled Tap Strip/Chrome/Polish,Polish Re-Chroming Service Taps AB||38,Precision Plating (Aust) Pty. Ltd.,Recycled Tap Strip/Chrome/Polish,,8,8
Reliance- 01064-M16,M16 Tappered plug for dog bowl tap,Reliance Worldwide Corporation Pty. Ltd.,01064-M16,,0,0.01
Reliance- P325,Hex Nipple Brass G352 15mm,aquabubbler,,,,0
Reliance- P325,Hex Nipple Brass G352 15mm,Reliance Worldwide Corporation Pty. Ltd.,3203,,0,0.78
Replacement Lids For Earlier Shipped Product,Warrantee Replacement Lids,aquabubbler,,,0,0
Restocking Fee,Restocking Fee for returned units,aquabubbler,,,0,0
RM010813,8mmx3/8 BSP connection to Pressure Regulator AB||26,aquabubbler,,,,0
RM010813,8mmx3/8 BSP connection to Pressure Regulator AB||26,John Guest Pacific Ltd - RWC,RM10813,,2.6504,2.65
Roto- 700mm - Body Red 50 & Pod Dark Blue,Roto- 700mm - Body Red 50 (Chilli Red) & Pod Dark Blue (Rich Blue),R & V Aqualine Industries,R&V-Body & Pod- 800 Orange 61,,122.72,106
Roto- 800mm - Body Dark Blue & Pod Light Blue 325,Roto- 800mm - Body Dark Blue (Rich Blue) & Pod Light Blue 325 (Pacific Blue),R & V Aqualine Industries,R&V-Body & Pod- 800 Orange 61,,122.72,106
Roto- 800mm - Body Dark Blue & Pod Orange 61,Roto- 800mm - Body Dark Blue (Rich Blue) & Pod Orange 61 (Tiger Orange),R & V Aqualine Industries,R&V-Body & Pod- 800 Orange 61,,122.73,106
Roto- 800mm - Body Dark Blue & Pod Red 50,Roto- 800mm - Body Dark Blue (Rich Blue) & Pod Red 50 (Chilli Red),R & V Aqualine Industries,R&V-Body & Pod- 800 Orange 61,,122.72,106
RVA-A1-BO-700 Stone,Body Only,R & V Aqualine Industries,-,,116.4,112.35
RVA-A1-BO-800 Stone,Body Only,R & V Aqualine Industries,-,,112.36,112.35
RVA-A1-SP-Stone,Side Pod Only,R & V Aqualine Industries,-,,39.6,39.6
RVA-A1-WP-Stone,Wheel Chair Pod Only,R & V Aqualine Industries,-,,61.2,58
RVA-A1-WP-Stone V2,Wheel Chair Pod Only,R & V Aqualine Industries,-,,61.2,61
RVA-A2-BO-700 Dark Blue,Body Only,R & V Aqualine Industries,-,,116.4,116.4
RVA-A2-BO-800 Dark Blue,Body Only,R & V Aqualine Industries,-,,116.4,112.35
RVA-A2-SP-Dark Blue 326,Side Pod Only,R & V Aqualine Industries,-,,41,39.68
RVA-A2-WP-Dark Blue 326 V1,Wheel Chair Pod Only,R & V Aqualine Industries,-,,61.2,58
RVA-A2-WP-Dark Blue 326 V2,Wheel Chair Pod Only,R & V Aqualine Industries,-,,61.2,61.2
RVA-A3-BO-700 Red 50,Body Only,R & V Aqualine Industries,-,,116.4,112.35
RVA-A3-BO-800 Red 50,Body Only,R & V Aqualine Industries,-,,116.4,112.35
RVA-A3-SP-Red 50,Side Pod Only,R & V Aqualine Industries,-,,41,39.6
RVA-A3-WP-Red 50,Wheel Chair Pod Only,R & V Aqualine Industries,-,,61.2,53
RVA-A4-BO-700 Lime green 257,Body Only,R & V Aqualine Industries,-,,116.4,106
RVA-A4-BO-800 Lime Green 257,Body Only,R & V Aqualine Industries,-,,112.365,112.35
RVA-A4-SP-Lime green 257,Side Pod Only,R & V Aqualine Industries,,,41,0
RVA-A4-WP-Lime Green 257,Wheel Chair Pod Only,R & V Aqualine Industries,-,,61.2,59.2733
RVA-A5-BO-700 Yellow 18,Body Only,R & V Aqualine Industries,-,,116.4,106
RVA-A5-BO-800 Yellow 18,Body Only,R & V Aqualine Industries,-,,116.4,112.35
RVA-A5-SP-Yellow 18,Side Pod Only,R & V Aqualine Industries,-,,41,39.6
RVA-A5-WP-Yellow 18,Wheel Chair Pod Only,R & V Aqualine Industries,-,,61.2,59.2733
RVA-A6-BO-700 Orange 61,Body Only,R & V Aqualine Industries,-,,112.35,112.35
RVA-A6-BO-800 Orange 61,Body Only,R & V Aqualine Industries,-,,112.36,112.35
RVA-A6-SP-Orange 61,Side Pod Only,R & V Aqualine Industries,-,,41,39.6
RVA-A6-WP-Orange 61,Wheel Chair Pod Only,R & V Aqualine Industries,-,,58,59.2733
RVA-A7-BO-700 Light Blue 325,Body Only,R & V Aqualine Industries,-,,116.4,112.35
RVA-A7-BO-800 Light Blue 325,Body Only,R & V Aqualine Industries,-,,116.4,112.35
RVA-A7-SP-Light Blue 325,Side Pod Only,R & V Aqualine Industries,,,41,0
RVA-A7-WP-Light Blue 325,Wheel Chair Pod Only,R & V Aqualine Industries,-,,61.2,59.2733
RVA-A8-BO-700 Teal 338,Body Only,R & V Aqualine Industries,-,,116.4,112.35
RVA-A8-BO-800 Teal 338,Body Only,R & V Aqualine Industries,-,,116.4,112.35
RVA-A8-SP-Teal 338,Side Pod Only,R & V Aqualine Industries,,,41,39.6
RVA-A8-WP-Teal 338,Wheel Chair Pod Only,R & V Aqualine Industries,-,,58,56
RVA-A9-BO-700 Dark Green,Body Only,R & V Aqualine Industries,-,,116.4,112.35
RVA-A9-BO-800 Dark Green,Body Only,R & V Aqualine Industries,-,,116.4,112.35
RVA-A9-SP-Dark Green,Side Pod Only,R & V Aqualine Industries,-,,41,39.6
RVA-A9-WP-Dark Green,Wheel Chair Pod Only,R & V Aqualine Industries,-,,60.2857,56
RVA-B1-BO-700 Mountain Blue,Body Only,R & V Aqualine Industries,-,,116.4,112.35
RVA-B1-BO-800 Mountain Blue,Body Only,R & V Aqualine Industries,-,,114.38,112.35
RVA-B1-SP-Mountain Blue,Side Pod Only,R & V Aqualine Industries,,,41,39.6
RVA-B1-WP-Mountain Blue,Wheel Chair Pod Only,R & V Aqualine Industries,-,,58,56
RVA-B2-BO-700 Purple,Body Only,R & V Aqualine Industries,-,,116.4,122.72
RVA-B2-BO-800 Purple,Body Only,R & V Aqualine Industries,-,,116.4,122.72
RVA-B2-SP-Purple,Side Pod Only,R & V Aqualine Industries,,,41,0
RVA-B2-WP-Deep Purple,Wheel Chair Pod Only,R & V Aqualine Industries,-,,61.2,59.2733
RVA-B3-BO-700 White Tank,Body Only,R & V Aqualine Industries,-,,112.36,112.35
RVA-B3-BO-800 White Tank,Body Only,R & V Aqualine Industries,-,,116.4,112.35
RVA-B3-SP-White Tank,Side Pod Only,aquabubbler,,,40,0
RVA-B3-SP-White Tank,Side Pod Only,R & V Aqualine Industries,-,,41,39.6
RVA-B3-WP-White Tank,Wheel Chair Pod Only,R & V Aqualine Industries,-,,58,56
RVA-B4-BO-700 Beige,Body Only,R & V Aqualine Industries,-,,116.4,112.35
RVA-B4-BO-800 Beige,Body Only,R & V Aqualine Industries,-,,116.4,112.35
RVA-B4-SP-Beige,Side Pod Only,R & V Aqualine Industries,-,,41,39.6
RVA-B4-WP-Beige,Wheel Chair Pod Only,R & V Aqualine Industries,-,,61.2,56
RV-BP-SB-800 White Tank,R&V-800mm body & pod White Tank (Corella White),R & V Aqualine Industries,ABWB12-800mm body & pod Stone,,122.73,122
S/S Exit Nozzles Chro & Polish,S/S Exit Nozzles Chrome & Polish AB||38,Precision Plating (Aust) Pty. Ltd.,S/S Exit Nozzles Chrome & Polish,,3.55,2.55
S/S Plaque - Holder Jig,S/S Plaque - Holder Jig,AG Holding,AQA1034A,,11.35,6.9
S11405/AB12/H7CG/FPCG/T:10,Classic aquaBUBBLER,Waterford Trading Production,,,705.041,705.041
S65/TRF65/POL,Service - Chrome & Polishing Top Tap Body Eco Brass,Precision Plating (Aust) Pty. Ltd.,TF09S/Chrome,,5.45,5.45
S67/TRF67/POL,Service - Polishing Exit Nozzle Stainless Steel (303/304),Precision Plating (Aust) Pty. Ltd.,S/S EXIT,,1.35,1.35
S77/TRF77/POL,Service - Polishing Press Button Stainless Steel,Precision Plating (Aust) Pty. Ltd.,AQUS/S,,2.15,2.15
S79/N/TRF79/PT,Service - Linished Stainless Steel Tap Shroud,Precision Plating (Aust) Pty. Ltd.,TTS S/S19 Polishing,Tap Shroud Polishing,3,3
S80/TRF80/POL,Service - Chrome & Polishing Side Tap Body Eco Brass,Precision Plating (Aust) Pty. Ltd.,SF09/Chrome,,5.45,5.45
S96/TRF96/POL,Service - Polishing Brush Satin Fountain Dish Stainless Steel,Precision Plating (Aust) Pty. Ltd.,304SS Fountain Dish Brush Satin Polish Precision Plating,,15,15
SA PBB09 Polished/Chromed Brass Button,PBB09 Polished/Chromed Brass Button For Sub Assembly,Waterford Trading Production,,,9.141,9.141
SA-A1-BO-950 Monument, AB1210 Sub-Assembly,Waterford Trading Production,,,705.041,705.041
Samples,Sample AB||46,Smart Water Corporation Pty Ltd,,,10.52,0
SA-SF09 Side Tap,Polished Side Tap For Sub Assembly,Waterford Trading Production,,,34.0355,34.0355
SA-SF09SS Side Tap 9/1/19,Polished Side Tap For Sub Assembly,Waterford Trading Production,SA-SF09SS Side Tap,,124,124
SA-TF09 Top Tap,TF09/Chrome Top Tap For Sub Assembly,Waterford Trading Production,,,34.101,34.101
SA-TF09SS Top Tap 9/1/19,TF09SS/Chrome Top Tap For Sub Assembly,Waterford Trading Production,SA-TF09SS Top Tap,,133.5,133.5
Scrap - 28/3/17 2,-,Waterford Trading Production,,,313.1571,313.1571
SD08 Service,SD08 Service Nunawading Christian College Secondary,Waterford Trading Production,,,705.041,705.041
TF09 09/001,Fountain Body Brass C352 Part No. 09/001 AB||12,Bredo Mators Pty. Ltd.,TR09,,30.5,30.5
TF09/Chrome Top Fountain Body,Polish Chrome Top Fountain Body AB||38,Precision Plating (Aust) Pty. Ltd.,TF09/Chrome,,5.45,5.45
TRF127/W/FL,Transformed - Top Tap Dispenser,Bredo Mators Pty. Ltd.,,,26.8,26.8
TRF128/W/FL,Transformed - Side Tap Dispenser,Bredo Mators Pty. Ltd.,,,24.2,24.2
TRF183/N/FL,PVC Pipe Drain-Waste-Vent Heavy Type N 40mm cut to 300mm AS/NZS 1260:2009,Waterford Trading Australia Pty Ltd trading as aquaBUBBLER,,,0.5785,0.5785
TRF184/N/FL,PVC Pipe Drain-Waste-Vent Heavy Type N 40mm cut to 68mm AS/NZS 1260:2009,Waterford Trading Australia Pty Ltd trading as aquaBUBBLER,,,0.5785,0.5785
TRF185/N/FL,PVC Pipe Drain-Waste-Vent Heavy Type N 50mm cut to 20mm AS/NZS 1260:2009,Waterford Trading Australia Pty Ltd trading as aquaBUBBLER,,,0.5785,0.5785
TRF206/N/24PSPA/FL,Sink Mesh and Sink Mesh Under Plate for ABUA13,Beta Metal Spinning Co. Pty. Ltd.,WC 004/005,,11,11
TRF23/N/1AB12/FL,Polyvinyl Chloride Pipe Drain-Waste-Vent Heavy Type N 40mm cut to 90mm AS/NZS 1260:2009,Waterford Trading Australia Pty Ltd trading as aquaBUBBLER,,,0,0
TRF24/N/1AB12/FL,Polyvinyl Chloride Pipe Drain-Waste-Vent Heavy Type N 40mm cut to 105mm AS/NZS 1260:2009,Waterford Trading Australia Pty Ltd trading as aquaBUBBLER,,,0,0
TRF65/W/12PTF/AVR,Transformed - Polished Top Tap Body Chrome,Waterford Trading Australia Pty Ltd trading as aquaBUBBLER,,,40.8,40.8
TRF67/W/12PTF/AV,Transformed - Polished Exit Nozzle Stainless Steel (303/304),Waterford Trading Australia Pty Ltd trading as aquaBUBBLER,TRF67/N/12PTF/AV,,7,7
TRF77/N/12PTF/AV,Transformed - Polished Press Button Stainless Steel,Waterford Trading Australia Pty Ltd trading as aquaBUBBLER,,,0,15.65
TRF79/N/PT,Linished & Polished Top Tap Shroud,Waterford Trading Australia Pty Ltd trading as aquaBUBBLER,R79/N/12PTF/PT,,6.7,6.7
TRF80/W/13PSF/FL,Transformed - Polished Side Tap Body Eco Brass,Waterford Trading Australia Pty Ltd trading as aquaBUBBLER,,,39.3,40.27
TRF96/N/21PFL/FL,Transformed - Polished Fountain Dish Stainless Steel,Waterford Trading Australia Pty Ltd trading as aquaBUBBLER,,,85,70.5
